game_id	section_id	team_id	team_name	team_url	period_scores
4155868	0	67	Boston College	http://stats.ncaa.org/team/67/12440	[1, 1, 2]
4155868	1	562	Quinnipiac	http://stats.ncaa.org/team/562/12440	[0, 0, 0]
4155895	0	490	North Carolina St.	http://stats.ncaa.org/team/490/12440	[0, 0, 0]
4155895	1	563	Radford	http://stats.ncaa.org/team/563/12440	[0, 1, 1]
4155934	0	198	ETSU	http://stats.ncaa.org/team/198/12440	[1, 0, 1]
4155934	1	19651	High Point	http://stats.ncaa.org/team/19651/12440	[3, 2, 5]
4155936	0	180	Delaware	http://stats.ncaa.org/team/180/12440	[0, 3, 3]
4155936	1	83	Bucknell	http://stats.ncaa.org/team/83/12440	[0, 0, 0]
4155941	0	310	Iona	http://stats.ncaa.org/team/310/12440	[1, 0, 1]
4155941	1	164	UConn	http://stats.ncaa.org/team/164/12440	[2, 1, 3]
4155946	0	572	Rhode Island	http://stats.ncaa.org/team/572/12440	[1, 0, 0, 1, 2]
4155946	1	556	Providence	http://stats.ncaa.org/team/556/12440	[1, 0, 0, 0, 1]
4155954	0	352	Lehigh	http://stats.ncaa.org/team/352/12440	[0, 1, 1]
4155954	1	317	James Madison	http://stats.ncaa.org/team/317/12440	[0, 0, 0]
4155970	0	629	San Francisco	http://stats.ncaa.org/team/629/12440	[1, 0, 1]
4155970	1	464	Omaha	http://stats.ncaa.org/team/464/12440	[1, 2, 3]
4155978	0	147	Clemson	http://stats.ncaa.org/team/147/12440	[2, 0, 2]
4155978	1	648	South Carolina	http://stats.ncaa.org/team/648/12440	[1, 0, 1]
4155997	0	249	George Washington	http://stats.ncaa.org/team/249/12440	[1, 1, 2]
4155997	1	786	William & Mary	http://stats.ncaa.org/team/786/12440	[1, 0, 1]
4156005	0	459	UNCG	http://stats.ncaa.org/team/459/12440	[1, 1, 2]
4156005	1	316	Jacksonville	http://stats.ncaa.org/team/316/12440	[0, 0, 0]
4156006	0	2699	IUPUI	http://stats.ncaa.org/team/2699/12440	[0, 0, 0]
4156006	1	71	Bowling Green	http://stats.ncaa.org/team/71/12440	[3, 1, 4]
4156017	0	290	Howard	http://stats.ncaa.org/team/290/12440	[0, 0, 0]
4156017	1	355	Liberty	http://stats.ncaa.org/team/355/12440	[1, 1, 2]
4156018	0	176	DePaul	http://stats.ncaa.org/team/176/12440	[1, 0, 0, 0, 1]
4156018	1	528	Oregon St.	http://stats.ncaa.org/team/528/12440	[1, 0, 0, 0, 1]
4156024	0	28755	FGCU	http://stats.ncaa.org/team/28755/12440	[0, 1, 1]
4156024	1	509	Northwestern	http://stats.ncaa.org/team/509/12440	[1, 1, 2]
4156026	0	191	Drexel	http://stats.ncaa.org/team/191/12440	[0, 0, 0, 0, 0]
4156026	1	603	St. John's (NY)	http://stats.ncaa.org/team/603/12440	[0, 0, 0, 0, 0]
4156032	0	539	Penn St.	http://stats.ncaa.org/team/539/12440	[0, 0, 0, 0, 0]
4156032	1	674	Stanford	http://stats.ncaa.org/team/674/12440	[0, 0, 0, 0, 0]
4156033	0	404	Memphis	http://stats.ncaa.org/team/404/12440	[1, 0, 1]
4156033	1	9	UAB	http://stats.ncaa.org/team/9/12440	[0, 0, 0]
4156039	0	251	Georgetown	http://stats.ncaa.org/team/251/12440	[0, 0, 0]
4156039	1	5	Akron	http://stats.ncaa.org/team/5/12440	[0, 1, 1]
4156044	0	631	Santa Clara	http://stats.ncaa.org/team/631/12440	[0, 0, 0]
4156044	1	796	Wisconsin	http://stats.ncaa.org/team/796/12440	[0, 1, 1]
4156058	0	248	George Mason	http://stats.ncaa.org/team/248/12440	[0, 1, 1]
4156058	1	23	American	http://stats.ncaa.org/team/23/12440	[2, 0, 2]
4156067	0	87	Butler	http://stats.ncaa.org/team/87/12440	[0, 0, 0, 0, 0]
4156067	1	367	Louisville	http://stats.ncaa.org/team/367/12440	[0, 0, 0, 0, 0]
4156096	0	302	Ill.-Chicago	http://stats.ncaa.org/team/302/12440	[1, 0, 0, 0, 1]
4156096	1	626	San Diego St.	http://stats.ncaa.org/team/626/12440	[0, 1, 0, 0, 1]
4156098	0	719	Tulsa	http://stats.ncaa.org/team/719/12440	[0, 1, 1]
4156098	1	101	CSUN	http://stats.ncaa.org/team/101/12440	[1, 1, 2]
4156496	0	735	Valparaiso	http://stats.ncaa.org/team/735/12440	[0, 2, 0, 2]
4156496	1	371	Loyola Chicago	http://stats.ncaa.org/team/371/12440	[0, 2, 1, 3]
4156518	0	183	Denver	http://stats.ncaa.org/team/183/12440	[0, 1, 0, 0, 1]
4156518	1	439	Monmouth	http://stats.ncaa.org/team/439/12440	[1, 0, 0, 0, 1]
4156520	0	756	Washington	http://stats.ncaa.org/team/756/12440	[1, 0, 1]
4156520	1	30024	Utah Valley	http://stats.ncaa.org/team/30024/12440	[1, 1, 2]
4156522	0	236	Fordham	http://stats.ncaa.org/team/236/12440	[0, 0, 0]
4156522	1	180	Delaware	http://stats.ncaa.org/team/180/12440	[1, 0, 1]
4156531	0	726	Navy	http://stats.ncaa.org/team/726/12440	[0, 1, 0, 0, 1]
4156531	1	244	Furman	http://stats.ncaa.org/team/244/12440	[1, 0, 0, 0, 1]
4156568	0	416	Michigan St.	http://stats.ncaa.org/team/416/12440	[0, 2, 2]
4156568	1	663	SMU	http://stats.ncaa.org/team/663/12440	[1, 0, 1]
4156591	0	229	Fla. Atlantic	http://stats.ncaa.org/team/229/12440	[1, 0, 0, 1]
4156591	1	14927	Belmont	http://stats.ncaa.org/team/14927/12440	[1, 0, 1, 2]
4156595	0	469	New Hampshire	http://stats.ncaa.org/team/469/12440	[2, 1, 3]
4156595	1	81	Bryant	http://stats.ncaa.org/team/81/12440	[0, 1, 1]
4156604	0	368	UMass Lowell	http://stats.ncaa.org/team/368/12440	[2, 1, 3]
4156604	1	439	Monmouth	http://stats.ncaa.org/team/439/12440	[0, 0, 0]
4156607	0	229	Fla. Atlantic	http://stats.ncaa.org/team/229/12440	[0, 0, 0]
4156607	1	28600	Lipscomb	http://stats.ncaa.org/team/28600/12440	[0, 3, 3]
4156613	0	72	Bradley	http://stats.ncaa.org/team/72/12440	[0, 0, 0]
4156613	1	626	San Diego St.	http://stats.ncaa.org/team/626/12440	[1, 0, 1]
4156614	0	72	Bradley	http://stats.ncaa.org/team/72/12440	[0, 1, 0, 0, 1]
4156614	1	260	Gonzaga	http://stats.ncaa.org/team/260/12440	[0, 1, 0, 0, 1]
4156618	0	352	Lehigh	http://stats.ncaa.org/team/352/12440	[0, 0, 0]
4156618	1	563	Radford	http://stats.ncaa.org/team/563/12440	[0, 1, 1]
4156653	0	2915	Wofford	http://stats.ncaa.org/team/2915/12440	[0, 2, 0, 1, 3]
4156653	1	1320	Presbyterian	http://stats.ncaa.org/team/1320/12440	[0, 2, 0, 0, 2]
4156662	0	473	New Mexico	http://stats.ncaa.org/team/473/12440	[0, 0, 0]
4156662	1	513	Notre Dame	http://stats.ncaa.org/team/513/12440	[1, 0, 1]
4156663	0	556	Providence	http://stats.ncaa.org/team/556/12440	[0, 1, 1]
4156663	1	147	Clemson	http://stats.ncaa.org/team/147/12440	[1, 1, 2]
4156664	0	86	Buffalo	http://stats.ncaa.org/team/86/12440	[0, 1, 1]
4156664	1	116	Canisius	http://stats.ncaa.org/team/116/12440	[0, 0, 0]
4156669	0	302	Ill.-Chicago	http://stats.ncaa.org/team/302/12440	[1, 0, 1]
4156669	1	260	Gonzaga	http://stats.ncaa.org/team/260/12440	[3, 1, 4]
4156677	0	68	Boston U.	http://stats.ncaa.org/team/68/12440	[1, 1, 2]
4156677	1	67	Boston College	http://stats.ncaa.org/team/67/12440	[2, 1, 3]
4156683	0	283	Hofstra	http://stats.ncaa.org/team/283/12440	[1, 2, 3]
4156683	1	683	Stony Brook	http://stats.ncaa.org/team/683/12440	[1, 0, 1]
4156686	0	464	Omaha	http://stats.ncaa.org/team/464/12440	[0, 0, 0]
4156686	1	164	UConn	http://stats.ncaa.org/team/164/12440	[0, 2, 2]
4156691	0	610	St. Mary's (CA)	http://stats.ncaa.org/team/610/12440	[1, 1, 0, 0, 2]
4156691	1	674	Stanford	http://stats.ncaa.org/team/674/12440	[0, 2, 0, 0, 2]
4156696	0	459	UNCG	http://stats.ncaa.org/team/459/12440	[0, 2, 0, 0, 2]
4156696	1	2711	North Florida	http://stats.ncaa.org/team/2711/12440	[1, 1, 0, 0, 2]
4156701	0	1356	Seattle	http://stats.ncaa.org/team/1356/12440	[0, 0, 0]
4156701	1	5	Akron	http://stats.ncaa.org/team/5/12440	[0, 1, 1]
4156709	0	176	DePaul	http://stats.ncaa.org/team/176/12440	[1, 0, 1]
4156709	1	551	Portland	http://stats.ncaa.org/team/551/12440	[1, 1, 2]
4156841	0	231	FIU	http://stats.ncaa.org/team/231/12440	[1, 2, 3]
4156841	1	1014	Col. of Charleston	http://stats.ncaa.org/team/1014/12440	[1, 0, 1]
4156843	0	460	UNCW	http://stats.ncaa.org/team/460/12440	[1, 3, 4]
4156843	1	115	Campbell	http://stats.ncaa.org/team/115/12440	[1, 0, 1]
4156846	0	1092	Gardner-Webb	http://stats.ncaa.org/team/1092/12440	[2, 1, 3]
4156846	1	173	Davidson	http://stats.ncaa.org/team/173/12440	[1, 0, 1]
4156847	0	148	Cleveland St.	http://stats.ncaa.org/team/148/12440	[0, 4, 4]
4156847	1	579	Robert Morris	http://stats.ncaa.org/team/579/12440	[1, 1, 2]
4156850	0	416	Michigan St.	http://stats.ncaa.org/team/416/12440	[0, 0, 0]
4156850	1	527	Oral Roberts	http://stats.ncaa.org/team/527/12440	[0, 2, 2]
4156851	0	609	Saint Louis	http://stats.ncaa.org/team/609/12440	[0, 0, 0]
4156851	1	457	North Carolina	http://stats.ncaa.org/team/457/12440	[2, 1, 3]
4156853	0	251	Georgetown	http://stats.ncaa.org/team/251/12440	[0, 0, 0]
4156853	1	768	West Virginia	http://stats.ncaa.org/team/768/12440	[0, 1, 1]
4156855	0	797	Milwaukee	http://stats.ncaa.org/team/797/12440	[0, 2, 2]
4156855	1	201	Eastern Ill.	http://stats.ncaa.org/team/201/12440	[0, 1, 1]
4156857	0	771	Western Ill.	http://stats.ncaa.org/team/771/12440	[0, 0, 0]
4156857	1	28600	Lipscomb	http://stats.ncaa.org/team/28600/12440	[1, 2, 3]
4156864	0	386	Marist	http://stats.ncaa.org/team/386/12440	[0, 2, 0, 0, 2]
4156864	1	14	Albany (NY)	http://stats.ncaa.org/team/14/12440	[0, 2, 0, 0, 2]
4156867	0	116	Canisius	http://stats.ncaa.org/team/116/12440	[1, 0, 1]
4156867	1	62	Binghamton	http://stats.ncaa.org/team/62/12440	[2, 0, 2]
4156869	0	90	Cal Poly	http://stats.ncaa.org/team/90/12440	[1, 0, 1]
4156869	1	749	Wake Forest	http://stats.ncaa.org/team/749/12440	[2, 0, 2]
4156870	0	102	Sacramento St.	http://stats.ncaa.org/team/102/12440	[0, 1, 1]
4156870	1	94	CSU Bakersfield	http://stats.ncaa.org/team/94/12440	[2, 1, 3]
4156875	0	630	San Jose St.	http://stats.ncaa.org/team/630/12440	[0, 0, 0, 0, 0]
4156875	1	108	UC Davis	http://stats.ncaa.org/team/108/12440	[0, 0, 0, 0, 0]
4156877	0	606	Saint Joseph's	http://stats.ncaa.org/team/606/12440	[0, 0, 0]
4156877	1	690	Temple	http://stats.ncaa.org/team/690/12440	[0, 2, 2]
4156882	0	370	Loyola Marymount	http://stats.ncaa.org/team/370/12440	[0, 0, 0]
4156882	1	153	Colgate	http://stats.ncaa.org/team/153/12440	[1, 0, 1]
4156885	0	627	San Diego	http://stats.ncaa.org/team/627/12440	[0, 1, 0, 0, 1]
4156885	1	193	Duke	http://stats.ncaa.org/team/193/12440	[0, 1, 0, 0, 1]
4156887	0	83	Bucknell	http://stats.ncaa.org/team/83/12440	[1, 0, 0, 0, 1]
4156887	1	596	St. Bonaventure	http://stats.ncaa.org/team/596/12440	[0, 1, 0, 0, 1]
4156888	0	600	Saint Francis (PA)	http://stats.ncaa.org/team/600/12440	[1, 0, 0, 1]
4156888	1	194	Duquesne	http://stats.ncaa.org/team/194/12440	[0, 1, 1, 2]
4156890	0	183	Denver	http://stats.ncaa.org/team/183/12440	[1, 0, 1]
4156890	1	587	Rutgers	http://stats.ncaa.org/team/587/12440	[0, 0, 0]
4156893	0	810	Wright St.	http://stats.ncaa.org/team/810/12440	[0, 0, 0]
4156893	1	528	Oregon St.	http://stats.ncaa.org/team/528/12440	[1, 3, 4]
4156894	0	596	St. Bonaventure	http://stats.ncaa.org/team/596/12440	[0, 0, 0]
4156894	1	273	Hartwick	http://stats.ncaa.org/team/273/12440	[2, 1, 3]
4156896	0	104	UC Santa Barbara	http://stats.ncaa.org/team/104/12440	[0, 0, 1, 1]
4156896	1	518	Ohio St.	http://stats.ncaa.org/team/518/12440	[0, 0, 0, 0]
4156897	0	490	North Carolina St.	http://stats.ncaa.org/team/490/12440	[2, 1, 3]
4156897	1	317	James Madison	http://stats.ncaa.org/team/317/12440	[1, 1, 2]
4156898	0	404	Memphis	http://stats.ncaa.org/team/404/12440	[0, 1, 1]
4156898	1	254	Georgia St.	http://stats.ncaa.org/team/254/12440	[0, 4, 4]
4156901	0	340	La Salle	http://stats.ncaa.org/team/340/12440	[0, 1, 1]
4156901	1	369	Loyola Maryland	http://stats.ncaa.org/team/369/12440	[0, 0, 0]
4156903	0	90	Cal Poly	http://stats.ncaa.org/team/90/12440	[0, 0, 0]
4156903	1	457	North Carolina	http://stats.ncaa.org/team/457/12440	[2, 1, 3]
4156904	0	201	Eastern Ill.	http://stats.ncaa.org/team/201/12440	[1, 0, 0, 0, 1]
4156904	1	505	Northern Ky.	http://stats.ncaa.org/team/505/12440	[0, 1, 0, 0, 1]
4156905	0	742	Virginia Tech	http://stats.ncaa.org/team/742/12440	[0, 0, 0, 1, 1]
4156905	1	518	Ohio St.	http://stats.ncaa.org/team/518/12440	[0, 0, 0, 0, 0]
4156907	0	482	Niagara	http://stats.ncaa.org/team/482/12440	[3, 1, 4]
4156907	1	579	Robert Morris	http://stats.ncaa.org/team/579/12440	[0, 0, 0]
4156908	0	609	Saint Louis	http://stats.ncaa.org/team/609/12440	[1, 0, 1]
4156908	1	749	Wake Forest	http://stats.ncaa.org/team/749/12440	[0, 0, 0]
4156910	0	128	UCF	http://stats.ncaa.org/team/128/12440	[1, 1, 2]
4156910	1	1104	Grand Canyon	http://stats.ncaa.org/team/1104/12440	[3, 1, 4]
4156912	0	794	Green Bay	http://stats.ncaa.org/team/794/12440	[0, 0, 0]
4156912	1	1004	Central Ark.	http://stats.ncaa.org/team/1004/12440	[2, 3, 5]
4156914	0	361	LIU Brooklyn	http://stats.ncaa.org/team/361/12440	[1, 2, 3]
4156914	1	725	Army West Point	http://stats.ncaa.org/team/725/12440	[0, 2, 2]
4156916	0	774	Western Mich.	http://stats.ncaa.org/team/774/12440	[1, 1, 2]
4156916	1	175	Dayton	http://stats.ncaa.org/team/175/12440	[0, 0, 0]
4156917	0	400	Massachusetts	http://stats.ncaa.org/team/400/12440	[0, 0, 0]
4156917	1	153	Colgate	http://stats.ncaa.org/team/153/12440	[0, 2, 2]
4156918	0	539	Penn St.	http://stats.ncaa.org/team/539/12440	[1, 0, 0, 1]
4156918	1	107	California	http://stats.ncaa.org/team/107/12440	[0, 1, 1, 2]
4156920	0	604	St. Joseph's (IN)	http://stats.ncaa.org/team/604/12440	[0, 0, 0]
4156920	1	308	Fort Wayne	http://stats.ncaa.org/team/308/12440	[2, 2, 4]
4156922	0	599	St. Francis Brooklyn	http://stats.ncaa.org/team/599/12440	[0, 0, 0, 1, 1]
4156922	1	342	Lafayette	http://stats.ncaa.org/team/342/12440	[0, 0, 0, 0, 0]
4156923	0	771	Western Ill.	http://stats.ncaa.org/team/771/12440	[1, 1, 2]
4156923	1	14927	Belmont	http://stats.ncaa.org/team/14927/12440	[0, 2, 2]
4156924	0	527	Oral Roberts	http://stats.ncaa.org/team/527/12440	[1, 1, 2]
4156924	1	2743	Incarnate Word	http://stats.ncaa.org/team/2743/12440	[0, 0, 0]
4156925	0	254	Georgia St.	http://stats.ncaa.org/team/254/12440	[0, 0, 0]
4156925	1	406	Mercer	http://stats.ncaa.org/team/406/12440	[1, 0, 1]
4156926	0	456	UNC Asheville	http://stats.ncaa.org/team/456/12440	[0, 1, 1]
4156926	1	1068	Elon	http://stats.ncaa.org/team/1068/12440	[2, 2, 4]
4156927	0	726	Navy	http://stats.ncaa.org/team/726/12440	[0, 0, 0]
4156927	1	1014	Col. of Charleston	http://stats.ncaa.org/team/1014/12440	[2, 0, 2]
4156928	0	109	UC Irvine	http://stats.ncaa.org/team/109/12440	[0, 0, 0]
4156928	1	513	Notre Dame	http://stats.ncaa.org/team/513/12440	[1, 3, 4]
4156929	0	1356	Seattle	http://stats.ncaa.org/team/1356/12440	[2, 0, 2]
4156929	1	768	West Virginia	http://stats.ncaa.org/team/768/12440	[0, 0, 0]
4156930	0	149	Coastal Caro.	http://stats.ncaa.org/team/149/12440	[1, 0, 1]
4156930	1	746	Virginia	http://stats.ncaa.org/team/746/12440	[1, 1, 2]
4156931	0	465	UNLV	http://stats.ncaa.org/team/465/12440	[1, 0, 1]
4156931	1	523	Old Dominion	http://stats.ncaa.org/team/523/12440	[2, 1, 3]
4156933	0	810	Wright St.	http://stats.ncaa.org/team/810/12440	[2, 1, 3]
4156933	1	551	Portland	http://stats.ncaa.org/team/551/12440	[0, 1, 1]
4156934	0	169	Creighton	http://stats.ncaa.org/team/169/12440	[0, 2, 2]
4156934	1	587	Rutgers	http://stats.ncaa.org/team/587/12440	[0, 0, 0]
4156938	0	503	Northern Ill.	http://stats.ncaa.org/team/503/12440	[1, 0, 0, 0, 1]
4156938	1	660	SIUE	http://stats.ncaa.org/team/660/12440	[0, 1, 0, 0, 1]
4156939	0	794	Green Bay	http://stats.ncaa.org/team/794/12440	[0, 0, 0]
4156939	1	669	Missouri St.	http://stats.ncaa.org/team/669/12440	[0, 2, 2]
4156940	0	400	Massachusetts	http://stats.ncaa.org/team/400/12440	[0, 0, 0]
4156940	1	688	Syracuse	http://stats.ncaa.org/team/688/12440	[0, 3, 3]
4156941	0	381	Manhattan	http://stats.ncaa.org/team/381/12440	[0, 0, 0]
4156941	1	690	Temple	http://stats.ncaa.org/team/690/12440	[3, 0, 3]
4156942	0	721	Air Force	http://stats.ncaa.org/team/721/12440	[1, 0, 1]
4156942	1	725	Army West Point	http://stats.ncaa.org/team/725/12440	[1, 2, 3]
4156945	0	678	Stetson	http://stats.ncaa.org/team/678/12440	[1, 0, 1, 2]
4156945	1	740	VCU	http://stats.ncaa.org/team/740/12440	[1, 0, 0, 1]
4156946	0	363	Longwood	http://stats.ncaa.org/team/363/12440	[1, 3, 4]
4156946	1	741	VMI	http://stats.ncaa.org/team/741/12440	[0, 0, 0]
4156948	0	219	Evansville	http://stats.ncaa.org/team/219/12440	[1, 0, 1]
4156948	1	812	Xavier	http://stats.ncaa.org/team/812/12440	[2, 1, 3]
4156951	0	220	Fairfield	http://stats.ncaa.org/team/220/12440	[1, 0, 0, 0, 1]
4156951	1	287	Houston Baptist	http://stats.ncaa.org/team/287/12440	[0, 1, 0, 0, 1]
4156952	0	370	Loyola Marymount	http://stats.ncaa.org/team/370/12440	[0, 1, 0, 0, 1]
4156952	1	688	Syracuse	http://stats.ncaa.org/team/688/12440	[1, 0, 0, 1, 2]
4156955	0	471	NJIT	http://stats.ncaa.org/team/471/12440	[0, 1, 1]
4156955	1	222	Fairleigh Dickinson	http://stats.ncaa.org/team/222/12440	[0, 0, 0]
4156957	0	418	Michigan	http://stats.ncaa.org/team/418/12440	[0, 0, 0, 0, 0]
4156957	1	651	South Fla.	http://stats.ncaa.org/team/651/12440	[0, 0, 0, 0, 0]
4156958	0	334	Kentucky	http://stats.ncaa.org/team/334/12440	[2, 2, 4]
4156958	1	387	Marquette	http://stats.ncaa.org/team/387/12440	[0, 0, 0]
4156976	0	742	Virginia Tech	http://stats.ncaa.org/team/742/12440	[1, 2, 3]
4156976	1	514	Oakland	http://stats.ncaa.org/team/514/12440	[0, 0, 0]
4156981	0	272	Hartford	http://stats.ncaa.org/team/272/12440	[1, 0, 1]
4156981	1	285	Holy Cross	http://stats.ncaa.org/team/285/12440	[0, 2, 2]
4156988	0	683	Stony Brook	http://stats.ncaa.org/team/683/12440	[1, 1, 2]
4156988	1	635	Seton Hall	http://stats.ncaa.org/team/635/12440	[0, 0, 0]
4156990	0	812	Xavier	http://stats.ncaa.org/team/812/12440	[0, 0, 0]
4156990	1	9	UAB	http://stats.ncaa.org/team/9/12440	[0, 2, 2]
4156995	0	189	Drake	http://stats.ncaa.org/team/189/12440	[1, 0, 1]
4156995	1	534	Pacific	http://stats.ncaa.org/team/534/12440	[3, 0, 3]
4156998	0	774	Western Mich.	http://stats.ncaa.org/team/774/12440	[0, 2, 2]
4156998	1	388	Marshall	http://stats.ncaa.org/team/388/12440	[0, 0, 0]
4157009	0	27	Appalachian St.	http://stats.ncaa.org/team/27/12440	[1, 0, 1]
4157009	1	71	Bowling Green	http://stats.ncaa.org/team/71/12440	[2, 1, 3]
4157010	0	610	St. Mary's (CA)	http://stats.ncaa.org/team/610/12440	[1, 1, 0, 0, 2]
4157010	1	107	California	http://stats.ncaa.org/team/107/12440	[1, 1, 0, 0, 2]
4157016	0	30135	California Baptist	http://stats.ncaa.org/team/30135/12440	[0, 1, 1]
4157016	1	111	UC Riverside	http://stats.ncaa.org/team/111/12440	[1, 1, 2]
4157026	0	368	UMass Lowell	http://stats.ncaa.org/team/368/12440	[1, 1, 2]
4157026	1	500	Northeastern	http://stats.ncaa.org/team/500/12440	[1, 0, 1]
4157027	0	678	Stetson	http://stats.ncaa.org/team/678/12440	[1, 0, 0, 0, 1]
4157027	1	523	Old Dominion	http://stats.ncaa.org/team/523/12440	[1, 0, 0, 0, 1]
4157029	0	465	UNLV	http://stats.ncaa.org/team/465/12440	[1, 0, 0, 1, 2]
4157029	1	740	VCU	http://stats.ncaa.org/team/740/12440	[1, 0, 0, 0, 1]
4157040	0	792	Winthrop	http://stats.ncaa.org/team/792/12440	[0, 0, 0]
4157040	1	2711	North Florida	http://stats.ncaa.org/team/2711/12440	[1, 2, 3]
4157042	0	189	Drake	http://stats.ncaa.org/team/189/12440	[0, 0, 1, 1]
4157042	1	94	CSU Bakersfield	http://stats.ncaa.org/team/94/12440	[0, 0, 0, 0]
4157044	0	104	UC Santa Barbara	http://stats.ncaa.org/team/104/12440	[1, 1, 2]
4157044	1	514	Oakland	http://stats.ncaa.org/team/514/12440	[0, 1, 1]
4157056	0	792	Winthrop	http://stats.ncaa.org/team/792/12440	[2, 0, 2]
4157056	1	316	Jacksonville	http://stats.ncaa.org/team/316/12440	[0, 1, 1]
4157097	0	219	Evansville	http://stats.ncaa.org/team/219/12440	[0, 2, 2]
4157097	1	505	Northern Ky.	http://stats.ncaa.org/team/505/12440	[0, 0, 0]
4157099	0	62	Binghamton	http://stats.ncaa.org/team/62/12440	[0, 0, 0, 0, 0]
4157099	1	249	George Washington	http://stats.ncaa.org/team/249/12440	[0, 0, 0, 0, 0]
4157101	0	392	Maryland	http://stats.ncaa.org/team/392/12440	[1, 0, 0, 0, 1]
4157101	1	110	UCLA	http://stats.ncaa.org/team/110/12440	[1, 0, 0, 0, 1]
4157102	0	140	Cincinnati	http://stats.ncaa.org/team/140/12440	[1, 2, 3]
4157102	1	308	Fort Wayne	http://stats.ncaa.org/team/308/12440	[0, 0, 0]
4157108	0	283	Hofstra	http://stats.ncaa.org/team/283/12440	[0, 0, 0]
4157108	1	458	Charlotte	http://stats.ncaa.org/team/458/12440	[3, 3, 6]
4157109	0	631	Santa Clara	http://stats.ncaa.org/team/631/12440	[0, 1, 1]
4157109	1	509	Northwestern	http://stats.ncaa.org/team/509/12440	[0, 0, 0]
4157111	0	562	Quinnipiac	http://stats.ncaa.org/team/562/12440	[0, 1, 0, 1]
4157111	1	367	Louisville	http://stats.ncaa.org/team/367/12440	[0, 1, 1, 2]
4157113	0	97	Cal St. Fullerton	http://stats.ncaa.org/team/97/12440	[0, 0, 0, 0]
4157113	1	110	UCLA	http://stats.ncaa.org/team/110/12440	[0, 0, 1, 1]
4157116	0	473	New Mexico	http://stats.ncaa.org/team/473/12440	[0, 0, 0]
4157116	1	306	Indiana	http://stats.ncaa.org/team/306/12440	[0, 1, 1]
4157117	0	109	UC Irvine	http://stats.ncaa.org/team/109/12440	[0, 1, 1]
4157117	1	306	Indiana	http://stats.ncaa.org/team/306/12440	[1, 2, 3]
4157121	0	361	LIU Brooklyn	http://stats.ncaa.org/team/361/12440	[1, 0, 1]
4157121	1	639	Siena	http://stats.ncaa.org/team/639/12440	[2, 2, 4]
4157123	0	534	Pacific	http://stats.ncaa.org/team/534/12440	[1, 1, 2]
4157123	1	630	San Jose St.	http://stats.ncaa.org/team/630/12440	[1, 2, 3]
4157138	0	1320	Presbyterian	http://stats.ncaa.org/team/1320/12440	[0, 0, 0]
4157138	1	10411	USC Upstate	http://stats.ncaa.org/team/10411/12440	[1, 0, 1]
4157140	0	23	American	http://stats.ncaa.org/team/23/12440	[1, 0, 0, 0, 1]
4157140	1	651	South Fla.	http://stats.ncaa.org/team/651/12440	[0, 1, 0, 0, 1]
4157142	0	418	Michigan	http://stats.ncaa.org/team/418/12440	[2, 0, 0, 0, 2]
4157142	1	28755	FGCU	http://stats.ncaa.org/team/28755/12440	[0, 2, 0, 0, 2]
4157144	0	735	Valparaiso	http://stats.ncaa.org/team/735/12440	[0, 0, 0, 0, 0]
4157144	1	660	SIUE	http://stats.ncaa.org/team/660/12440	[0, 0, 0, 0, 0]
4157161	0	503	Northern Ill.	http://stats.ncaa.org/team/503/12440	[0, 0, 0]
4157161	1	387	Marquette	http://stats.ncaa.org/team/387/12440	[2, 2, 4]
4157165	0	635	Seton Hall	http://stats.ncaa.org/team/635/12440	[2, 1, 3]
4157165	1	617	Saint Peter's	http://stats.ncaa.org/team/617/12440	[1, 0, 1]
4157166	0	369	Loyola Maryland	http://stats.ncaa.org/team/369/12440	[0, 0, 0]
4157166	1	600	Saint Francis (PA)	http://stats.ncaa.org/team/600/12440	[1, 1, 2]
4157167	0	2743	Incarnate Word	http://stats.ncaa.org/team/2743/12440	[0, 0, 0]
4157167	1	663	SMU	http://stats.ncaa.org/team/663/12440	[0, 3, 3]
4157168	0	173	Davidson	http://stats.ncaa.org/team/173/12440	[0, 0, 0]
4157168	1	2915	Wofford	http://stats.ncaa.org/team/2915/12440	[1, 1, 2]
4157217	0	738	Vermont	http://stats.ncaa.org/team/738/12440	[1, 1, 2]
4157217	1	127	Central Conn. St.	http://stats.ncaa.org/team/127/12440	[0, 0, 0]
4157218	0	272	Hartford	http://stats.ncaa.org/team/272/12440	[0, 0, 0]
4157218	1	392	Maryland	http://stats.ncaa.org/team/392/12440	[2, 3, 5]
4157226	0	30174	Daemen	http://stats.ncaa.org/team/30174/12440	[0, 0, 0]
4157226	1	86	Buffalo	http://stats.ncaa.org/team/86/12440	[4, 5, 9]
4157256	0	236	Fordham	http://stats.ncaa.org/team/236/12440	[0, 1, 0, 0, 1]
4157256	1	391	UMBC	http://stats.ncaa.org/team/391/12440	[0, 1, 0, 0, 1]
4157259	0	184	Detroit	http://stats.ncaa.org/team/184/12440	[0, 1, 1]
4157259	1	388	Marshall	http://stats.ncaa.org/team/388/12440	[0, 3, 3]
4157260	0	253	Ga. Southern	http://stats.ncaa.org/team/253/12440	[2, 2, 4]
4157260	1	287	Houston Baptist	http://stats.ncaa.org/team/287/12440	[1, 0, 1]
4157261	0	456	UNC Asheville	http://stats.ncaa.org/team/456/12440	[0, 1, 1]
4157261	1	193	Duke	http://stats.ncaa.org/team/193/12440	[1, 4, 5]
4157281	0	175	Dayton	http://stats.ncaa.org/team/175/12440	[0, 0, 0]
4157281	1	148	Cleveland St.	http://stats.ncaa.org/team/148/12440	[1, 2, 3]
4157282	0	355	Liberty	http://stats.ncaa.org/team/355/12440	[1, 4, 5]
4157282	1	741	VMI	http://stats.ncaa.org/team/741/12440	[0, 2, 2]
4157301	0	406	Mercer	http://stats.ncaa.org/team/406/12440	[1, 1, 0, 1, 3]
4157301	1	648	South Carolina	http://stats.ncaa.org/team/648/12440	[0, 2, 0, 0, 2]
4157317	0	194	Duquesne	http://stats.ncaa.org/team/194/12440	[0, 0, 0]
4157317	1	334	Kentucky	http://stats.ncaa.org/team/334/12440	[0, 1, 1]
4157337	0	342	Lafayette	http://stats.ncaa.org/team/342/12440	[0, 0, 0]
4157337	1	14	Albany (NY)	http://stats.ncaa.org/team/14/12440	[1, 0, 1]
4157356	0	590	Sacred Heart	http://stats.ncaa.org/team/590/12440	[1, 1, 2]
4157356	1	310	Iona	http://stats.ncaa.org/team/310/12440	[0, 1, 1]
4157382	0	191	Drexel	http://stats.ncaa.org/team/191/12440	[0, 0, 0]
4157382	1	340	La Salle	http://stats.ncaa.org/team/340/12440	[0, 1, 1]
4157388	0	576	Rider	http://stats.ncaa.org/team/576/12440	[0, 1, 1, 2]
4157388	1	739	Villanova	http://stats.ncaa.org/team/739/12440	[0, 1, 0, 1]
4157391	0	2699	IUPUI	http://stats.ncaa.org/team/2699/12440	[1, 1, 2]
4157391	1	87	Butler	http://stats.ncaa.org/team/87/12440	[2, 2, 4]
4157392	0	639	Siena	http://stats.ncaa.org/team/639/12440	[1, 0, 1]
4157392	1	469	New Hampshire	http://stats.ncaa.org/team/469/12440	[2, 0, 2]
4157400	0	290	Howard	http://stats.ncaa.org/team/290/12440	[0, 0, 0]
4157400	1	222	Fairleigh Dickinson	http://stats.ncaa.org/team/222/12440	[2, 2, 4]
4157439	0	273	Hartwick	http://stats.ncaa.org/team/273/12440	[1, 0, 1]
4157439	1	386	Marist	http://stats.ncaa.org/team/386/12440	[2, 1, 3]
4157459	0	617	Saint Peter's	http://stats.ncaa.org/team/617/12440	[0, 0, 0]
4157459	1	603	St. John's (NY)	http://stats.ncaa.org/team/603/12440	[1, 1, 2]
4157476	0	2707	UMKC	http://stats.ncaa.org/team/2707/12440	[0, 0, 0]
4157476	1	719	Tulsa	http://stats.ncaa.org/team/719/12440	[1, 2, 3]
4157498	0	248	George Mason	http://stats.ncaa.org/team/248/12440	[1, 1, 2]
4157498	1	198	ETSU	http://stats.ncaa.org/team/198/12440	[2, 2, 4]
4157516	0	244	Furman	http://stats.ncaa.org/team/244/12440	[0, 1, 1]
4157516	1	231	FIU	http://stats.ncaa.org/team/231/12440	[0, 0, 0]
4157518	0	471	NJIT	http://stats.ncaa.org/team/471/12440	[0, 1, 1]
4157518	1	381	Manhattan	http://stats.ncaa.org/team/381/12440	[0, 0, 0]
4157536	0	149	Coastal Caro.	http://stats.ncaa.org/team/149/12440	[0, 1, 1]
4157536	1	786	William & Mary	http://stats.ncaa.org/team/786/12440	[1, 1, 2]
4157537	0	184	Detroit	http://stats.ncaa.org/team/184/12440	[0, 0, 0, 0, 0]
4157537	1	545	Pittsburgh	http://stats.ncaa.org/team/545/12440	[0, 0, 0, 0, 0]
4157619	0	253	Ga. Southern	http://stats.ncaa.org/team/253/12440	[0, 0, 0]
4157619	1	536	UTRGV	http://stats.ncaa.org/team/536/12440	[0, 1, 1]
4157636	0	220	Fairfield	http://stats.ncaa.org/team/220/12440	[0, 1, 0, 0, 1]
4157636	1	536	UTRGV	http://stats.ncaa.org/team/536/12440	[1, 0, 0, 0, 1]
4157864	0	153	Colgate	http://stats.ncaa.org/team/153/12440	[0, 0, 0]
4157864	1	688	Syracuse	http://stats.ncaa.org/team/688/12440	[1, 2, 3]
4157898	0	439	Monmouth	http://stats.ncaa.org/team/439/12440	[1, 0, 0, 0, 1]
4157898	1	272	Hartford	http://stats.ncaa.org/team/272/12440	[1, 0, 0, 0, 1]
4157953	0	527	Oral Roberts	http://stats.ncaa.org/team/527/12440	[0, 0, 0]
4157953	1	260	Gonzaga	http://stats.ncaa.org/team/260/12440	[0, 1, 1]
4157977	0	629	San Francisco	http://stats.ncaa.org/team/629/12440	[0, 2, 2]
4157977	1	94	CSU Bakersfield	http://stats.ncaa.org/team/94/12440	[0, 1, 1]
4158089	0	756	Washington	http://stats.ncaa.org/team/756/12440	[1, 1, 2]
4158089	1	610	St. Mary's (CA)	http://stats.ncaa.org/team/610/12440	[1, 0, 1]
4158391	0	108	UC Davis	http://stats.ncaa.org/team/108/12440	[2, 0, 2]
4158391	1	534	Pacific	http://stats.ncaa.org/team/534/12440	[0, 0, 0]
4158520	0	683	Stony Brook	http://stats.ncaa.org/team/683/12440	[0, 0, 0]
4158520	1	86	Buffalo	http://stats.ncaa.org/team/86/12440	[1, 2, 3]
4158607	0	794	Green Bay	http://stats.ncaa.org/team/794/12440	[0, 0, 0]
4158607	1	201	Eastern Ill.	http://stats.ncaa.org/team/201/12440	[1, 1, 2]
4158703	0	97	Cal St. Fullerton	http://stats.ncaa.org/team/97/12440	[0, 2, 0, 0, 2]
4158703	1	738	Vermont	http://stats.ncaa.org/team/738/12440	[1, 1, 0, 1, 3]
4158786	0	158	Columbia	http://stats.ncaa.org/team/158/12440	[0, 1, 1]
4158786	1	418	Michigan	http://stats.ncaa.org/team/418/12440	[0, 0, 0]
4158838	0	183	Denver	http://stats.ncaa.org/team/183/12440	[0, 2, 2]
4158838	1	509	Northwestern	http://stats.ncaa.org/team/509/12440	[0, 1, 1]
4158876	0	14927	Belmont	http://stats.ncaa.org/team/14927/12440	[0, 0, 0]
4158876	1	404	Memphis	http://stats.ncaa.org/team/404/12440	[0, 4, 4]
4158882	0	219	Evansville	http://stats.ncaa.org/team/219/12440	[1, 1, 2]
4158882	1	30024	Utah Valley	http://stats.ncaa.org/team/30024/12440	[2, 2, 4]
4158890	0	406	Mercer	http://stats.ncaa.org/team/406/12440	[0, 0, 0]
4158890	1	792	Winthrop	http://stats.ncaa.org/team/792/12440	[0, 2, 2]
4158974	0	285	Holy Cross	http://stats.ncaa.org/team/285/12440	[0, 1, 1]
4158974	1	556	Providence	http://stats.ncaa.org/team/556/12440	[1, 1, 2]
4159001	0	317	James Madison	http://stats.ncaa.org/team/317/12440	[0, 0, 0]
4159001	1	539	Penn St.	http://stats.ncaa.org/team/539/12440	[0, 1, 1]
4159009	0	590	Sacred Heart	http://stats.ncaa.org/team/590/12440	[0, 0, 0]
4159009	1	738	Vermont	http://stats.ncaa.org/team/738/12440	[2, 1, 3]
4159050	0	796	Wisconsin	http://stats.ncaa.org/team/796/12440	[0, 0, 0]
4159050	1	231	FIU	http://stats.ncaa.org/team/231/12440	[1, 0, 1]
4159052	0	253	Ga. Southern	http://stats.ncaa.org/team/253/12440	[0, 2, 2]
4159052	1	678	Stetson	http://stats.ncaa.org/team/678/12440	[0, 1, 1]
4159055	0	184	Detroit	http://stats.ncaa.org/team/184/12440	[1, 0, 0, 0, 1]
4159055	1	19651	High Point	http://stats.ncaa.org/team/19651/12440	[1, 0, 0, 0, 1]
4159064	0	388	Marshall	http://stats.ncaa.org/team/388/12440	[0, 0, 0]
4159064	1	71	Bowling Green	http://stats.ncaa.org/team/71/12440	[2, 1, 3]
4159075	0	23	American	http://stats.ncaa.org/team/23/12440	[1, 1, 0, 0, 2]
4159075	1	540	Penn	http://stats.ncaa.org/team/540/12440	[1, 1, 0, 0, 2]
4159106	0	503	Northern Ill.	http://stats.ncaa.org/team/503/12440	[0, 0, 0]
4159106	1	726	Navy	http://stats.ncaa.org/team/726/12440	[1, 1, 2]
4159115	0	81	Bryant	http://stats.ncaa.org/team/81/12440	[0, 0, 0]
4159115	1	80	Brown	http://stats.ncaa.org/team/80/12440	[0, 1, 1]
4159126	0	771	Western Ill.	http://stats.ncaa.org/team/771/12440	[1, 0, 1]
4159126	1	663	SMU	http://stats.ncaa.org/team/663/12440	[2, 0, 2]
4159140	0	482	Niagara	http://stats.ncaa.org/team/482/12440	[0, 0, 0]
4159140	1	229	Fla. Atlantic	http://stats.ncaa.org/team/229/12440	[0, 1, 1]
4159156	0	596	St. Bonaventure	http://stats.ncaa.org/team/596/12440	[0, 0, 0]
4159156	1	1068	Elon	http://stats.ncaa.org/team/1068/12440	[2, 4, 6]
4159157	0	387	Marquette	http://stats.ncaa.org/team/387/12440	[2, 2, 4]
4159157	1	302	Ill.-Chicago	http://stats.ncaa.org/team/302/12440	[1, 0, 1]
4159161	0	367	Louisville	http://stats.ncaa.org/team/367/12440	[2, 0, 2]
4159161	1	164	UConn	http://stats.ncaa.org/team/164/12440	[0, 0, 0]
4159171	0	562	Quinnipiac	http://stats.ncaa.org/team/562/12440	[1, 0, 1]
4159171	1	236	Fordham	http://stats.ncaa.org/team/236/12440	[0, 0, 0]
4159195	0	251	Georgetown	http://stats.ncaa.org/team/251/12440	[0, 1, 1]
4159195	1	392	Maryland	http://stats.ncaa.org/team/392/12440	[0, 2, 2]
4159199	0	505	Northern Ky.	http://stats.ncaa.org/team/505/12440	[0, 0, 0]
4159199	1	371	Loyola Chicago	http://stats.ncaa.org/team/371/12440	[0, 1, 1]
4159209	0	1320	Presbyterian	http://stats.ncaa.org/team/1320/12440	[0, 0, 0]
4159209	1	536	UTRGV	http://stats.ncaa.org/team/536/12440	[1, 0, 1]
4159210	0	107	California	http://stats.ncaa.org/team/107/12440	[1, 0, 1]
4159210	1	306	Indiana	http://stats.ncaa.org/team/306/12440	[0, 2, 2]
4159229	0	500	Northeastern	http://stats.ncaa.org/team/500/12440	[0, 0, 0, 1, 1]
4159229	1	606	Saint Joseph's	http://stats.ncaa.org/team/606/12440	[0, 0, 0, 0, 0]
4159250	0	189	Drake	http://stats.ncaa.org/team/189/12440	[0, 0, 0]
4159250	1	464	Omaha	http://stats.ncaa.org/team/464/12440	[1, 2, 3]
4159254	0		Huston-Tillotson		[0, 0, 0]
4159254	1	287	Houston Baptist	http://stats.ncaa.org/team/287/12440	[0, 1, 1]
4159273	0		Central Baptist		[0, 0, 0]
4159273	1	1004	Central Ark.	http://stats.ncaa.org/team/1004/12440	[2, 2, 4]
4159277	0	222	Fairleigh Dickinson	http://stats.ncaa.org/team/222/12440	[0, 0, 0]
4159277	1	72	Bradley	http://stats.ncaa.org/team/72/12440	[0, 1, 1]
4159329	0	518	Ohio St.	http://stats.ncaa.org/team/518/12440	[0, 0, 0]
4159329	1	551	Portland	http://stats.ncaa.org/team/551/12440	[0, 2, 2]
4159333	0	172	Dartmouth	http://stats.ncaa.org/team/172/12440	[1, 0, 0, 0, 1]
4159333	1	334	Kentucky	http://stats.ncaa.org/team/334/12440	[0, 1, 0, 0, 1]
4159343	0	630	San Jose St.	http://stats.ncaa.org/team/630/12440	[0, 0, 0]
4159343	1	528	Oregon St.	http://stats.ncaa.org/team/528/12440	[0, 3, 3]
4159346	0	627	San Diego	http://stats.ncaa.org/team/627/12440	[1, 1, 2]
4159346	1	104	UC Santa Barbara	http://stats.ncaa.org/team/104/12440	[3, 2, 5]
4159400	0	810	Wright St.	http://stats.ncaa.org/team/810/12440	[1, 0, 0, 1, 2]
4159400	1	140	Cincinnati	http://stats.ncaa.org/team/140/12440	[0, 1, 0, 0, 1]
4159427	0	812	Xavier	http://stats.ncaa.org/team/812/12440	[0, 1, 0, 0, 1]
4159427	1	746	Virginia	http://stats.ncaa.org/team/746/12440	[0, 1, 0, 0, 1]
4159428	0	5	Akron	http://stats.ncaa.org/team/5/12440	[0, 0, 0]
4159428	1	626	San Diego St.	http://stats.ncaa.org/team/626/12440	[0, 1, 1]
4159625	0	9	UAB	http://stats.ncaa.org/team/9/12440	[0, 2, 0, 0, 2]
4159625	1	459	UNCG	http://stats.ncaa.org/team/459/12440	[1, 1, 0, 0, 2]
4159671	0	28600	Lipscomb	http://stats.ncaa.org/team/28600/12440	[1, 0, 1]
4159671	1	254	Georgia St.	http://stats.ncaa.org/team/254/12440	[0, 4, 4]
4160178	0	741	VMI	http://stats.ncaa.org/team/741/12440	[0, 0, 0]
4160178	1	290	Howard	http://stats.ncaa.org/team/290/12440	[1, 1, 2]
4160323	0	148	Cleveland St.	http://stats.ncaa.org/team/148/12440	[0, 0, 0]
4160323	1	749	Wake Forest	http://stats.ncaa.org/team/749/12440	[1, 0, 1]
4160324	0	1014	Col. of Charleston	http://stats.ncaa.org/team/1014/12440	[1, 1, 2]
4160324	1	244	Furman	http://stats.ncaa.org/team/244/12440	[0, 0, 0]
4160346	0	660	SIUE	http://stats.ncaa.org/team/660/12440	[0, 0, 0]
4160346	1	87	Butler	http://stats.ncaa.org/team/87/12440	[1, 1, 2]
4160363	0	173	Davidson	http://stats.ncaa.org/team/173/12440	[0, 0, 0]
4160363	1	563	Radford	http://stats.ncaa.org/team/563/12440	[1, 1, 2]
4160407	0	363	Longwood	http://stats.ncaa.org/team/363/12440	[0, 1, 0, 0, 1]
4160407	1	248	George Mason	http://stats.ncaa.org/team/248/12440	[1, 0, 0, 0, 1]
4160455	0	469	New Hampshire	http://stats.ncaa.org/team/469/12440	[1, 1, 2]
4160455	1	572	Rhode Island	http://stats.ncaa.org/team/572/12440	[1, 0, 1]
4160849	0	651	South Fla.	http://stats.ncaa.org/team/651/12440	[1, 0, 1]
4160849	1	742	Virginia Tech	http://stats.ncaa.org/team/742/12440	[2, 2, 4]
4160994	0	683	Stony Brook	http://stats.ncaa.org/team/683/12440	[1, 0, 1]
4160994	1	116	Canisius	http://stats.ncaa.org/team/116/12440	[0, 0, 0]
4161010	0	273	Hartwick	http://stats.ncaa.org/team/273/12440	[2, 2, 4]
4161010	1	579	Robert Morris	http://stats.ncaa.org/team/579/12440	[0, 0, 0]
4161048	0	153	Colgate	http://stats.ncaa.org/team/153/12440	[2, 1, 3]
4161048	1	439	Monmouth	http://stats.ncaa.org/team/439/12440	[0, 0, 0]
4161095	0	287	Houston Baptist	http://stats.ncaa.org/team/287/12440	[1, 0, 1]
4161095	1	1320	Presbyterian	http://stats.ncaa.org/team/1320/12440	[1, 1, 2]
4161096	0	219	Evansville	http://stats.ncaa.org/team/219/12440	[0, 1, 1]
4161096	1	222	Fairleigh Dickinson	http://stats.ncaa.org/team/222/12440	[0, 0, 0]
4161118	0	596	St. Bonaventure	http://stats.ncaa.org/team/596/12440	[1, 1, 2]
4161118	1	19651	High Point	http://stats.ncaa.org/team/19651/12440	[1, 3, 4]
4161155	0	669	Missouri St.	http://stats.ncaa.org/team/669/12440	[0, 0, 0]
4161155	1	404	Memphis	http://stats.ncaa.org/team/404/12440	[1, 1, 2]
4161180	0	556	Providence	http://stats.ncaa.org/team/556/12440	[1, 0, 1]
4161180	1	81	Bryant	http://stats.ncaa.org/team/81/12440	[0, 0, 0]
4161229	0	14927	Belmont	http://stats.ncaa.org/team/14927/12440	[0, 1, 0, 0, 1]
4161229	1	175	Dayton	http://stats.ncaa.org/team/175/12440	[0, 1, 0, 1, 2]
4161237	0	388	Marshall	http://stats.ncaa.org/team/388/12440	[0, 1, 1]
4161237	1	201	Eastern Ill.	http://stats.ncaa.org/team/201/12440	[0, 0, 0]
4161238	0	587	Rutgers	http://stats.ncaa.org/team/587/12440	[0, 0, 0]
4161238	1	458	Charlotte	http://stats.ncaa.org/team/458/12440	[2, 3, 5]
4161251	0	503	Northern Ill.	http://stats.ncaa.org/team/503/12440	[0, 1, 0, 0, 1]
4161251	1	391	UMBC	http://stats.ncaa.org/team/391/12440	[0, 1, 0, 0, 1]
4161255	0	771	Western Ill.	http://stats.ncaa.org/team/771/12440	[0, 1, 1]
4161255	1	735	Valparaiso	http://stats.ncaa.org/team/735/12440	[1, 2, 3]
4161264	0	792	Winthrop	http://stats.ncaa.org/team/792/12440	[0, 0, 1, 1]
4161264	1	2915	Wofford	http://stats.ncaa.org/team/2915/12440	[0, 0, 0, 0]
4161265	0	739	Villanova	http://stats.ncaa.org/team/739/12440	[1, 1, 2]
4161265	1	67	Boston College	http://stats.ncaa.org/team/67/12440	[0, 1, 1]
4161277	0	14	Albany (NY)	http://stats.ncaa.org/team/14/12440	[0, 0, 0]
4161277	1	371	Loyola Chicago	http://stats.ncaa.org/team/371/12440	[0, 3, 3]
4161285	0	361	LIU Brooklyn	http://stats.ncaa.org/team/361/12440	[0, 0, 0]
4161285	1	738	Vermont	http://stats.ncaa.org/team/738/12440	[0, 3, 3]
4161320	0	1356	Seattle	http://stats.ncaa.org/team/1356/12440	[0, 2, 2]
4161320	1	260	Gonzaga	http://stats.ncaa.org/team/260/12440	[2, 2, 4]
4161337	0	630	San Jose St.	http://stats.ncaa.org/team/630/12440	[0, 1, 0, 1]
4161337	1	551	Portland	http://stats.ncaa.org/team/551/12440	[1, 0, 1, 2]
4161413	0	183	Denver	http://stats.ncaa.org/team/183/12440	[1, 1, 2]
4161413	1	302	Ill.-Chicago	http://stats.ncaa.org/team/302/12440	[0, 1, 1]
4161414	0	674	Stanford	http://stats.ncaa.org/team/674/12440	[0, 0, 0, 0, 0]
4161414	1	306	Indiana	http://stats.ncaa.org/team/306/12440	[0, 0, 0, 0, 0]
4161422	0	184	Detroit	http://stats.ncaa.org/team/184/12440	[0, 0, 0]
4161422	1	1068	Elon	http://stats.ncaa.org/team/1068/12440	[1, 0, 1]
4161423	0	2711	North Florida	http://stats.ncaa.org/team/2711/12440	[1, 2, 3]
4161423	1	490	North Carolina St.	http://stats.ncaa.org/team/490/12440	[2, 0, 2]
4161425	0	545	Pittsburgh	http://stats.ncaa.org/team/545/12440	[3, 1, 4]
4161425	1	606	Saint Joseph's	http://stats.ncaa.org/team/606/12440	[0, 1, 1]
4161429	0	30024	Utah Valley	http://stats.ncaa.org/team/30024/12440	[1, 0, 1]
4161429	1	72	Bradley	http://stats.ncaa.org/team/72/12440	[0, 0, 0]
4161439	0	719	Tulsa	http://stats.ncaa.org/team/719/12440	[1, 0, 0, 0, 1]
4161439	1	609	Saint Louis	http://stats.ncaa.org/team/609/12440	[0, 1, 0, 0, 1]
4161458	0	111	UC Riverside	http://stats.ncaa.org/team/111/12440	[0, 1, 1]
4161458	1	631	Santa Clara	http://stats.ncaa.org/team/631/12440	[0, 0, 0]
4161464	0	603	St. John's (NY)	http://stats.ncaa.org/team/603/12440	[0, 2, 0, 0, 2]
4161464	1	688	Syracuse	http://stats.ncaa.org/team/688/12440	[1, 1, 0, 1, 3]
4161480	0	23	American	http://stats.ncaa.org/team/23/12440	[0, 3, 3]
4161480	1	663	SMU	http://stats.ncaa.org/team/663/12440	[1, 0, 1]
4161484	0	97	Cal St. Fullerton	http://stats.ncaa.org/team/97/12440	[1, 0, 1]
4161484	1	631	Santa Clara	http://stats.ncaa.org/team/631/12440	[1, 1, 2]
4161496	0	108	UC Davis	http://stats.ncaa.org/team/108/12440	[1, 0, 1]
4161496	1	629	San Francisco	http://stats.ncaa.org/team/629/12440	[1, 1, 2]
4161614	0	90	Cal Poly	http://stats.ncaa.org/team/90/12440	[0, 0, 0]
4161614	1	473	New Mexico	http://stats.ncaa.org/team/473/12440	[1, 1, 2]
4161626	0	62	Binghamton	http://stats.ncaa.org/team/62/12440	[1, 1, 0, 0, 2]
4161626	1	639	Siena	http://stats.ncaa.org/team/639/12440	[0, 2, 0, 0, 2]
4161642	0	101	CSUN	http://stats.ncaa.org/team/101/12440	[0, 0, 0]
4161642	1	473	New Mexico	http://stats.ncaa.org/team/473/12440	[1, 1, 2]
4161675	0	2699	IUPUI	http://stats.ncaa.org/team/2699/12440	[0, 0, 0]
4161675	1	774	Western Mich.	http://stats.ncaa.org/team/774/12440	[4, 2, 6]
4161677	0	572	Rhode Island	http://stats.ncaa.org/team/572/12440	[0, 1, 1]
4161677	1	599	St. Francis Brooklyn	http://stats.ncaa.org/team/599/12440	[0, 0, 0]
4161699	0	9	UAB	http://stats.ncaa.org/team/9/12440	[0, 0, 0, 0, 0]
4161699	1	149	Coastal Caro.	http://stats.ncaa.org/team/149/12440	[0, 0, 0, 0, 0]
4161702	0	813	Yale	http://stats.ncaa.org/team/813/12440	[0, 2, 0, 0, 2]
4161702	1	418	Michigan	http://stats.ncaa.org/team/418/12440	[0, 2, 0, 0, 2]
4161772	0	514	Oakland	http://stats.ncaa.org/team/514/12440	[0, 1, 0, 1]
4161772	1	539	Penn St.	http://stats.ncaa.org/team/539/12440	[1, 0, 1, 2]
4161773	0	167	Cornell	http://stats.ncaa.org/team/167/12440	[0, 0, 0]
4161773	1	164	UConn	http://stats.ncaa.org/team/164/12440	[0, 2, 2]
4161774	0	746	Virginia	http://stats.ncaa.org/team/746/12440	[2, 1, 3]
4161774	1	317	James Madison	http://stats.ncaa.org/team/317/12440	[0, 1, 1]
4161799	0	220	Fairfield	http://stats.ncaa.org/team/220/12440	[1, 0, 0, 1]
4161799	1	236	Fordham	http://stats.ncaa.org/team/236/12440	[0, 1, 1, 2]
4161807	0	651	South Fla.	http://stats.ncaa.org/team/651/12440	[0, 1, 1]
4161807	1	392	Maryland	http://stats.ncaa.org/team/392/12440	[1, 3, 4]
4161821	0	509	Northwestern	http://stats.ncaa.org/team/509/12440	[0, 1, 1]
4161821	1	387	Marquette	http://stats.ncaa.org/team/387/12440	[1, 3, 4]
4161836	0	540	Penn	http://stats.ncaa.org/team/540/12440	[0, 1, 0, 0, 1]
4161836	1	635	Seton Hall	http://stats.ncaa.org/team/635/12440	[1, 0, 0, 0, 1]
4161838	0	62	Binghamton	http://stats.ncaa.org/team/62/12440	[1, 1, 2]
4161838	1	381	Manhattan	http://stats.ncaa.org/team/381/12440	[0, 0, 0]
4161839	0	194	Duquesne	http://stats.ncaa.org/team/194/12440	[0, 2, 2]
4161839	1	810	Wright St.	http://stats.ncaa.org/team/810/12440	[3, 0, 3]
4161842	0	464	Omaha	http://stats.ncaa.org/team/464/12440	[1, 0, 0, 0, 1]
4161842	1	169	Creighton	http://stats.ncaa.org/team/169/12440	[0, 1, 0, 0, 1]
4162043	0	193	Duke	http://stats.ncaa.org/team/193/12440	[0, 1, 1]
4162043	1	110	UCLA	http://stats.ncaa.org/team/110/12440	[0, 0, 0]
4162044	0	2743	Incarnate Word	http://stats.ncaa.org/team/2743/12440	[0, 0, 0]
4162044	1	116	Canisius	http://stats.ncaa.org/team/116/12440	[0, 1, 1]
4162047	0	169	Creighton	http://stats.ncaa.org/team/169/12440	[0, 0, 0]
4162047	1	147	Clemson	http://stats.ncaa.org/team/147/12440	[1, 0, 1]
4162049	0	127	Central Conn. St.	http://stats.ncaa.org/team/127/12440	[0, 2, 0, 0, 2]
4162049	1	167	Cornell	http://stats.ncaa.org/team/167/12440	[1, 1, 0, 0, 2]
4162053	0	600	Saint Francis (PA)	http://stats.ncaa.org/team/600/12440	[0, 0, 0]
4162053	1	175	Dayton	http://stats.ncaa.org/team/175/12440	[0, 3, 3]
4162055	0	739	Villanova	http://stats.ncaa.org/team/739/12440	[0, 1, 1]
4162055	1	275	Harvard	http://stats.ncaa.org/team/275/12440	[1, 1, 2]
4162057	0	308	Fort Wayne	http://stats.ncaa.org/team/308/12440	[0, 1, 1]
4162057	1	774	Western Mich.	http://stats.ncaa.org/team/774/12440	[0, 2, 2]
4162063	0	220	Fairfield	http://stats.ncaa.org/team/220/12440	[0, 2, 2]
4162063	1	342	Lafayette	http://stats.ncaa.org/team/342/12440	[0, 0, 0]
4162066	0	180	Delaware	http://stats.ncaa.org/team/180/12440	[1, 0, 1]
4162066	1	352	Lehigh	http://stats.ncaa.org/team/352/12440	[0, 0, 0]
4162069	0	635	Seton Hall	http://stats.ncaa.org/team/635/12440	[0, 0, 0, 0]
4162069	1	368	UMass Lowell	http://stats.ncaa.org/team/368/12440	[0, 0, 1, 1]
4162072	0	545	Pittsburgh	http://stats.ncaa.org/team/545/12440	[1, 0, 1]
4162072	1	690	Temple	http://stats.ncaa.org/team/690/12440	[0, 2, 2]
4162074	0	1092	Gardner-Webb	http://stats.ncaa.org/team/1092/12440	[1, 0, 1]
4162074	1	2915	Wofford	http://stats.ncaa.org/team/2915/12440	[0, 2, 2]
4162076	0	786	William & Mary	http://stats.ncaa.org/team/786/12440	[0, 2, 2]
4162076	1	355	Liberty	http://stats.ncaa.org/team/355/12440	[0, 0, 0]
4162082	0	128	UCF	http://stats.ncaa.org/team/128/12440	[0, 1, 1]
4162082	1	648	South Carolina	http://stats.ncaa.org/team/648/12440	[0, 2, 2]
4162085	0	456	UNC Asheville	http://stats.ncaa.org/team/456/12440	[0, 0, 0]
4162085	1	678	Stetson	http://stats.ncaa.org/team/678/12440	[0, 1, 1]
4162098	0	471	NJIT	http://stats.ncaa.org/team/471/12440	[0, 1, 0, 0, 1]
4162098	1	249	George Washington	http://stats.ncaa.org/team/249/12440	[1, 0, 0, 0, 1]
4162103	0	191	Drexel	http://stats.ncaa.org/team/191/12440	[1, 0, 1]
4162103	1	310	Iona	http://stats.ncaa.org/team/310/12440	[0, 2, 2]
4162106	0	617	Saint Peter's	http://stats.ncaa.org/team/617/12440	[1, 0, 0, 0, 1]
4162106	1	400	Massachusetts	http://stats.ncaa.org/team/400/12440	[1, 0, 0, 0, 1]
4162109	0	554	Princeton	http://stats.ncaa.org/team/554/12440	[0, 0, 0]
4162109	1	768	West Virginia	http://stats.ncaa.org/team/768/12440	[1, 0, 1]
4162111	0	2743	Incarnate Word	http://stats.ncaa.org/team/2743/12440	[0, 0, 0]
4162111	1	86	Buffalo	http://stats.ncaa.org/team/86/12440	[0, 1, 1]
4162114	0	107	California	http://stats.ncaa.org/team/107/12440	[0, 0, 0]
4162114	1	513	Notre Dame	http://stats.ncaa.org/team/513/12440	[3, 2, 5]
4162115	0	600	Saint Francis (PA)	http://stats.ncaa.org/team/600/12440	[1, 0, 1]
4162115	1	140	Cincinnati	http://stats.ncaa.org/team/140/12440	[0, 0, 0]
4162116	0	482	Niagara	http://stats.ncaa.org/team/482/12440	[0, 0, 0, 0, 0]
4162116	1	231	FIU	http://stats.ncaa.org/team/231/12440	[0, 0, 0, 0, 0]
4162118	0	283	Hofstra	http://stats.ncaa.org/team/283/12440	[0, 0, 0, 0, 0]
4162118	1	275	Harvard	http://stats.ncaa.org/team/275/12440	[0, 0, 0, 0, 0]
4162119	0	599	St. Francis Brooklyn	http://stats.ncaa.org/team/599/12440	[0, 1, 0, 0, 1]
4162119	1	368	UMass Lowell	http://stats.ncaa.org/team/368/12440	[1, 0, 0, 1, 2]
4162123	0	527	Oral Roberts	http://stats.ncaa.org/team/527/12440	[1, 1, 2]
4162123	1	756	Washington	http://stats.ncaa.org/team/756/12440	[0, 4, 4]
4162127	0	342	Lafayette	http://stats.ncaa.org/team/342/12440	[0, 0, 0]
4162127	1	562	Quinnipiac	http://stats.ncaa.org/team/562/12440	[1, 1, 2]
4162131	0	500	Northeastern	http://stats.ncaa.org/team/500/12440	[0, 0, 0]
4162131	1	690	Temple	http://stats.ncaa.org/team/690/12440	[2, 1, 3]
4162133	0	308	Fort Wayne	http://stats.ncaa.org/team/308/12440	[1, 1, 2]
4162133	1	794	Green Bay	http://stats.ncaa.org/team/794/12440	[0, 1, 1]
4162138	0	5	Akron	http://stats.ncaa.org/team/5/12440	[0, 1, 1]
4162138	1	110	UCLA	http://stats.ncaa.org/team/110/12440	[2, 4, 6]
4162142	0	740	VCU	http://stats.ncaa.org/team/740/12440	[2, 0, 2]
4162142	1	457	North Carolina	http://stats.ncaa.org/team/457/12440	[2, 1, 3]
4162144	0	518	Ohio St.	http://stats.ncaa.org/team/518/12440	[1, 0, 0, 0, 1]
4162144	1	528	Oregon St.	http://stats.ncaa.org/team/528/12440	[0, 1, 0, 1, 2]
4162191	0	83	Bucknell	http://stats.ncaa.org/team/83/12440	[1, 1, 2]
4162191	1	590	Sacred Heart	http://stats.ncaa.org/team/590/12440	[0, 1, 1]
4162193	0	283	Hofstra	http://stats.ncaa.org/team/283/12440	[0, 0, 0]
4162193	1	67	Boston College	http://stats.ncaa.org/team/67/12440	[1, 1, 2]
4162211	0	576	Rider	http://stats.ncaa.org/team/576/12440	[1, 2, 3]
4162211	1	340	La Salle	http://stats.ncaa.org/team/340/12440	[0, 0, 0]
4162270	0	1092	Gardner-Webb	http://stats.ncaa.org/team/1092/12440	[0, 1, 1]
4162270	1	406	Mercer	http://stats.ncaa.org/team/406/12440	[2, 0, 2]
4162351	0	742	Virginia Tech	http://stats.ncaa.org/team/742/12440	[0, 1, 1]
4162351	1	251	Georgetown	http://stats.ncaa.org/team/251/12440	[0, 0, 0]
4162435	0	14	Albany (NY)	http://stats.ncaa.org/team/14/12440	[0, 0, 0]
4162435	1	176	DePaul	http://stats.ncaa.org/team/176/12440	[2, 1, 3]
4162466	0	460	UNCW	http://stats.ncaa.org/team/460/12440	[0, 3, 3]
4162466	1	391	UMBC	http://stats.ncaa.org/team/391/12440	[0, 1, 1]
4162469	0	28755	FGCU	http://stats.ncaa.org/team/28755/12440	[0, 1, 1]
4162469	1	370	Loyola Marymount	http://stats.ncaa.org/team/370/12440	[1, 1, 2]
4162478	0	28755	FGCU	http://stats.ncaa.org/team/28755/12440	[1, 1, 2]
4162478	1	109	UC Irvine	http://stats.ncaa.org/team/109/12440	[0, 1, 1]
4162488	0	1104	Grand Canyon	http://stats.ncaa.org/team/1104/12440	[0, 0, 0]
4162488	1	109	UC Irvine	http://stats.ncaa.org/team/109/12440	[1, 0, 1]
4162495	0	610	St. Mary's (CA)	http://stats.ncaa.org/team/610/12440	[0, 0, 0]
4162495	1	104	UC Santa Barbara	http://stats.ncaa.org/team/104/12440	[0, 1, 1]
4162511	0	796	Wisconsin	http://stats.ncaa.org/team/796/12440	[1, 0, 0, 0, 1]
4162511	1	229	Fla. Atlantic	http://stats.ncaa.org/team/229/12440	[0, 1, 0, 0, 1]
4162544	0	101	CSUN	http://stats.ncaa.org/team/101/12440	[0, 1, 0, 1, 2]
4162544	1	721	Air Force	http://stats.ncaa.org/team/721/12440	[0, 1, 0, 0, 1]
4162558	0	90	Cal Poly	http://stats.ncaa.org/team/90/12440	[0, 0, 0]
4162558	1	721	Air Force	http://stats.ncaa.org/team/721/12440	[1, 0, 1]
4162652	0	102	Sacramento St.	http://stats.ncaa.org/team/102/12440	[0, 0, 0]
4162652	1	534	Pacific	http://stats.ncaa.org/team/534/12440	[1, 2, 3]
4162691	0	253	Ga. Southern	http://stats.ncaa.org/team/253/12440	[0, 0, 0]
4162691	1	316	Jacksonville	http://stats.ncaa.org/team/316/12440	[3, 0, 3]
4162825	0	456	UNC Asheville	http://stats.ncaa.org/team/456/12440	[1, 0, 1]
4162825	1	316	Jacksonville	http://stats.ncaa.org/team/316/12440	[1, 1, 2]
4162842	0	725	Army West Point	http://stats.ncaa.org/team/725/12440	[0, 1, 1]
4162842	1	386	Marist	http://stats.ncaa.org/team/386/12440	[0, 2, 2]
4162905	0	505	Northern Ky.	http://stats.ncaa.org/team/505/12440	[0, 1, 1]
4162905	1	176	DePaul	http://stats.ncaa.org/team/176/12440	[1, 3, 4]
4162913	0	158	Columbia	http://stats.ncaa.org/team/158/12440	[0, 1, 1]
4162913	1	416	Michigan St.	http://stats.ncaa.org/team/416/12440	[0, 2, 2]
4162995	0	797	Milwaukee	http://stats.ncaa.org/team/797/12440	[0, 1, 1]
4162995	1	2707	UMKC	http://stats.ncaa.org/team/2707/12440	[1, 1, 2]
4163113	0	115	Campbell	http://stats.ncaa.org/team/115/12440	[0, 0, 1, 1]
4163113	1	290	Howard	http://stats.ncaa.org/team/290/12440	[0, 0, 0, 0]
4163201	0	27	Appalachian St.	http://stats.ncaa.org/team/27/12440	[0, 0, 0]
4163201	1	749	Wake Forest	http://stats.ncaa.org/team/749/12440	[1, 2, 3]
4163228	0	363	Longwood	http://stats.ncaa.org/team/363/12440	[0, 0, 0]
4163228	1	786	William & Mary	http://stats.ncaa.org/team/786/12440	[1, 1, 2]
4163245	0	367	Louisville	http://stats.ncaa.org/team/367/12440	[0, 0, 0]
4163245	1	334	Kentucky	http://stats.ncaa.org/team/334/12440	[1, 0, 1]
4163352	0	361	LIU Brooklyn	http://stats.ncaa.org/team/361/12440	[2, 1, 3]
4163352	1	83	Bucknell	http://stats.ncaa.org/team/83/12440	[0, 1, 1]
4163364	0	674	Stanford	http://stats.ncaa.org/team/674/12440	[1, 0, 0, 0, 1]
4163364	1	513	Notre Dame	http://stats.ncaa.org/team/513/12440	[0, 1, 0, 1, 2]
4163366	0	189	Drake	http://stats.ncaa.org/team/189/12440	[1, 2, 3]
4163366	1	797	Milwaukee	http://stats.ncaa.org/team/797/12440	[2, 0, 2]
4163368	0	639	Siena	http://stats.ncaa.org/team/639/12440	[0, 0, 0]
4163368	1	285	Holy Cross	http://stats.ncaa.org/team/285/12440	[4, 1, 5]
4163389	0	469	New Hampshire	http://stats.ncaa.org/team/469/12440	[0, 4, 4]
4163389	1	400	Massachusetts	http://stats.ncaa.org/team/400/12440	[0, 1, 1]
4163827	0	27	Appalachian St.	http://stats.ncaa.org/team/27/12440	[0, 0, 0]
4163827	1	198	ETSU	http://stats.ncaa.org/team/198/12440	[0, 1, 1]
4163834	0	111	UC Riverside	http://stats.ncaa.org/team/111/12440	[0, 1, 1]
4163834	1	465	UNLV	http://stats.ncaa.org/team/465/12440	[1, 1, 2]
4163843	0	1104	Grand Canyon	http://stats.ncaa.org/team/1104/12440	[0, 0, 0]
4163843	1	370	Loyola Marymount	http://stats.ncaa.org/team/370/12440	[0, 1, 1]
4163847	0	627	San Diego	http://stats.ncaa.org/team/627/12440	[1, 1, 2]
4163847	1	1068	Elon	http://stats.ncaa.org/team/1068/12440	[1, 0, 1]
4163873	0	369	Loyola Maryland	http://stats.ncaa.org/team/369/12440	[0, 1, 1]
4163873	1	523	Old Dominion	http://stats.ncaa.org/team/523/12440	[1, 1, 2]
4163906	0	172	Dartmouth	http://stats.ncaa.org/team/172/12440	[0, 1, 0, 0, 1]
4163906	1	812	Xavier	http://stats.ncaa.org/team/812/12440	[1, 0, 0, 0, 1]
4164189	0	310	Iona	http://stats.ncaa.org/team/310/12440	[0, 0, 0]
4164189	1	180	Delaware	http://stats.ncaa.org/team/180/12440	[0, 2, 2]
4164198	0	1320	Presbyterian	http://stats.ncaa.org/team/1320/12440	[0, 0, 0, 0, 0]
4164198	1	244	Furman	http://stats.ncaa.org/team/244/12440	[0, 0, 0, 1, 1]
4164344	0	249	George Washington	http://stats.ncaa.org/team/249/12440	[0, 0, 0]
4164344	1	369	Loyola Maryland	http://stats.ncaa.org/team/369/12440	[1, 1, 2]
4164375	0	97	Cal St. Fullerton	http://stats.ncaa.org/team/97/12440	[1, 2, 3]
4164375	1	465	UNLV	http://stats.ncaa.org/team/465/12440	[0, 1, 1]
4164416	0	683	Stony Brook	http://stats.ncaa.org/team/683/12440	[0, 1, 1]
4164416	1	127	Central Conn. St.	http://stats.ncaa.org/team/127/12440	[0, 0, 0]
4164418	0	572	Rhode Island	http://stats.ncaa.org/team/572/12440	[0, 1, 0, 0, 1]
4164418	1	191	Drexel	http://stats.ncaa.org/team/191/12440	[0, 1, 0, 0, 1]
4164436	0	340	La Salle	http://stats.ncaa.org/team/340/12440	[0, 3, 1, 4]
4164436	1	617	Saint Peter's	http://stats.ncaa.org/team/617/12440	[0, 3, 0, 3]
4164563	0	576	Rider	http://stats.ncaa.org/team/576/12440	[0, 1, 1]
4164563	1	471	NJIT	http://stats.ncaa.org/team/471/12440	[0, 0, 0]
4164566	0	71	Bowling Green	http://stats.ncaa.org/team/71/12440	[0, 0, 0, 1, 1]
4164566	1	148	Cleveland St.	http://stats.ncaa.org/team/148/12440	[0, 0, 0, 0, 0]
4164966	0	599	St. Francis Brooklyn	http://stats.ncaa.org/team/599/12440	[0, 0, 0]
4164966	1	272	Hartford	http://stats.ncaa.org/team/272/12440	[0, 3, 3]
4164994	0	726	Navy	http://stats.ncaa.org/team/726/12440	[0, 1, 1]
4164994	1	739	Villanova	http://stats.ncaa.org/team/739/12440	[1, 1, 2]
4165040	0	756	Washington	http://stats.ncaa.org/team/756/12440	[1, 0, 1]
4165040	1	172	Dartmouth	http://stats.ncaa.org/team/172/12440	[0, 0, 0]
4165068	0	1356	Seattle	http://stats.ncaa.org/team/1356/12440	[1, 0, 1]
4165068	1	275	Harvard	http://stats.ncaa.org/team/275/12440	[0, 0, 0]
4165082	0	629	San Francisco	http://stats.ncaa.org/team/629/12440	[0, 1, 1]
4165082	1	28755	FGCU	http://stats.ncaa.org/team/28755/12440	[1, 1, 2]
4165091	0	603	St. John's (NY)	http://stats.ncaa.org/team/603/12440	[0, 3, 3]
4165091	1	554	Princeton	http://stats.ncaa.org/team/554/12440	[1, 0, 1]
4165118	0	355	Liberty	http://stats.ncaa.org/team/355/12440	[0, 1, 1]
4165118	1	10411	USC Upstate	http://stats.ncaa.org/team/10411/12440	[0, 0, 0]
4165149	0	406	Mercer	http://stats.ncaa.org/team/406/12440	[0, 0, 1, 1]
4165149	1	28600	Lipscomb	http://stats.ncaa.org/team/28600/12440	[0, 0, 0, 0]
4165157	0	316	Jacksonville	http://stats.ncaa.org/team/316/12440	[0, 2, 2]
4165157	1	651	South Fla.	http://stats.ncaa.org/team/651/12440	[0, 0, 0]
4165542	0	1004	Central Ark.	http://stats.ncaa.org/team/1004/12440	[0, 1, 1]
4165542	1	254	Georgia St.	http://stats.ncaa.org/team/254/12440	[2, 1, 3]
4165955	0	104	UC Santa Barbara	http://stats.ncaa.org/team/104/12440	[0, 2, 2]
4165955	1	87	Butler	http://stats.ncaa.org/team/87/12440	[2, 2, 4]
4165958	0	317	James Madison	http://stats.ncaa.org/team/317/12440	[1, 0, 0, 0, 1]
4165958	1	253	Ga. Southern	http://stats.ncaa.org/team/253/12440	[0, 1, 0, 0, 1]
4166000	0	587	Rutgers	http://stats.ncaa.org/team/587/12440	[0, 0, 0]
4166000	1	416	Michigan St.	http://stats.ncaa.org/team/416/12440	[1, 3, 4]
4166012	0	386	Marist	http://stats.ncaa.org/team/386/12440	[1, 1, 2]
4166012	1	792	Winthrop	http://stats.ncaa.org/team/792/12440	[0, 0, 0]
4166020	0	471	NJIT	http://stats.ncaa.org/team/471/12440	[0, 3, 3]
4166020	1	482	Niagara	http://stats.ncaa.org/team/482/12440	[0, 2, 2]
4166162	0	72	Bradley	http://stats.ncaa.org/team/72/12440	[1, 2, 0, 3]
4166162	1	308	Fort Wayne	http://stats.ncaa.org/team/308/12440	[2, 1, 1, 4]
4166176	0	72	Bradley	http://stats.ncaa.org/team/72/12440	[1, 2, 0, 3]
4166176	1	308	Fort Wayne	http://stats.ncaa.org/team/308/12440	[2, 1, 1, 4]
4166219	0	663	SMU	http://stats.ncaa.org/team/663/12440	[0, 0, 0]
4166219	1	556	Providence	http://stats.ncaa.org/team/556/12440	[0, 1, 1]
4166261	0	742	Virginia Tech	http://stats.ncaa.org/team/742/12440	[0, 1, 1]
4166261	1	513	Notre Dame	http://stats.ncaa.org/team/513/12440	[2, 2, 4]
4166335	0	140	Cincinnati	http://stats.ncaa.org/team/140/12440	[1, 1, 2]
4166335	1	812	Xavier	http://stats.ncaa.org/team/812/12440	[0, 4, 4]
4166352	0	457	North Carolina	http://stats.ncaa.org/team/457/12440	[0, 1, 1]
4166352	1	147	Clemson	http://stats.ncaa.org/team/147/12440	[0, 0, 0]
4166366	0	606	Saint Joseph's	http://stats.ncaa.org/team/606/12440	[1, 0, 1]
4166366	1	290	Howard	http://stats.ncaa.org/team/290/12440	[0, 0, 0]
4166369	0	116	Canisius	http://stats.ncaa.org/team/116/12440	[0, 2, 2]
4166369	1	83	Bucknell	http://stats.ncaa.org/team/83/12440	[1, 0, 1]
4166390	0	456	UNC Asheville	http://stats.ncaa.org/team/456/12440	[0, 0, 0]
4166390	1	173	Davidson	http://stats.ncaa.org/team/173/12440	[1, 1, 2]
4166398	0	648	South Carolina	http://stats.ncaa.org/team/648/12440	[0, 0, 0]
4166398	1	149	Coastal Caro.	http://stats.ncaa.org/team/149/12440	[1, 0, 1]
4166416	0	469	New Hampshire	http://stats.ncaa.org/team/469/12440	[1, 0, 1]
4166416	1	285	Holy Cross	http://stats.ncaa.org/team/285/12440	[1, 2, 3]
4166418	0	175	Dayton	http://stats.ncaa.org/team/175/12440	[0, 0, 0]
4166418	1	460	UNCW	http://stats.ncaa.org/team/460/12440	[2, 1, 3]
4166424	0	600	Saint Francis (PA)	http://stats.ncaa.org/team/600/12440	[2, 1, 3]
4166424	1	539	Penn St.	http://stats.ncaa.org/team/539/12440	[0, 1, 1]
4166482	0	254	Georgia St.	http://stats.ncaa.org/team/254/12440	[1, 0, 0, 1]
4166482	1	80	Brown	http://stats.ncaa.org/team/80/12440	[1, 0, 1, 2]
4166488	0	62	Binghamton	http://stats.ncaa.org/team/62/12440	[1, 0, 1]
4166488	1	503	Northern Ill.	http://stats.ncaa.org/team/503/12440	[0, 0, 0]
4166489	0	30024	Utah Valley	http://stats.ncaa.org/team/30024/12440	[0, 0, 0]
4166489	1	371	Loyola Chicago	http://stats.ncaa.org/team/371/12440	[1, 1, 2]
4166535	0	688	Syracuse	http://stats.ncaa.org/team/688/12440	[1, 1, 2]
4166535	1	490	North Carolina St.	http://stats.ncaa.org/team/490/12440	[0, 0, 0]
4166544	0	528	Oregon St.	http://stats.ncaa.org/team/528/12440	[0, 0, 0]
4166544	1	5	Akron	http://stats.ncaa.org/team/5/12440	[2, 0, 2]
4166545	0	551	Portland	http://stats.ncaa.org/team/551/12440	[0, 2, 0, 0, 2]
4166545	1	219	Evansville	http://stats.ncaa.org/team/219/12440	[0, 2, 0, 0, 2]
4166552	0	111	UC Riverside	http://stats.ncaa.org/team/111/12440	[1, 0, 1]
4166552	1	183	Denver	http://stats.ncaa.org/team/183/12440	[3, 1, 4]
4166558	0	287	Houston Baptist	http://stats.ncaa.org/team/287/12440	[0, 2, 2]
4166558	1	1004	Central Ark.	http://stats.ncaa.org/team/1004/12440	[1, 0, 1]
4166570	0	176	DePaul	http://stats.ncaa.org/team/176/12440	[0, 1, 0, 0, 1]
4166570	1	464	Omaha	http://stats.ncaa.org/team/464/12440	[1, 0, 0, 0, 1]
4166576	0	367	Louisville	http://stats.ncaa.org/team/367/12440	[1, 1, 2]
4166576	1	545	Pittsburgh	http://stats.ncaa.org/team/545/12440	[0, 0, 0]
4166581	0	392	Maryland	http://stats.ncaa.org/team/392/12440	[0, 1, 0, 0, 1]
4166581	1	306	Indiana	http://stats.ncaa.org/team/306/12440	[1, 0, 0, 0, 1]
4166595	0	540	Penn	http://stats.ncaa.org/team/540/12440	[0, 0, 0]
4166595	1	169	Creighton	http://stats.ncaa.org/team/169/12440	[1, 2, 3]
4166596	0	719	Tulsa	http://stats.ncaa.org/team/719/12440	[0, 1, 1]
4166596	1	9	UAB	http://stats.ncaa.org/team/9/12440	[0, 0, 0]
4166610	0	572	Rhode Island	http://stats.ncaa.org/team/572/12440	[0, 1, 1]
4166610	1	678	Stetson	http://stats.ncaa.org/team/678/12440	[0, 0, 0]
4166630	0	418	Michigan	http://stats.ncaa.org/team/418/12440	[0, 1, 0, 0, 1]
4166630	1	796	Wisconsin	http://stats.ncaa.org/team/796/12440	[1, 0, 0, 1, 2]
4166636	0	774	Western Mich.	http://stats.ncaa.org/team/774/12440	[0, 2, 2]
4166636	1	610	St. Mary's (CA)	http://stats.ncaa.org/team/610/12440	[0, 0, 0]
4166663	0	108	UC Davis	http://stats.ncaa.org/team/108/12440	[0, 0, 0, 0, 0]
4166663	1	627	San Diego	http://stats.ncaa.org/team/627/12440	[0, 0, 0, 0, 0]
4166667	0	94	CSU Bakersfield	http://stats.ncaa.org/team/94/12440	[0, 0, 0, 0, 0]
4166667	1	473	New Mexico	http://stats.ncaa.org/team/473/12440	[0, 0, 0, 1, 1]
4166671	0	465	UNLV	http://stats.ncaa.org/team/465/12440	[1, 1, 2]
4166671	1	534	Pacific	http://stats.ncaa.org/team/534/12440	[2, 2, 4]
